-- phpMyAdmin SQL Dump
-- version 5.2.1
-- https://www.phpmyadmin.net/
--
-- Host: 127.0.0.1
-- Generation Time: Jun 22, 2025 at 04:07 PM
-- Server version: 10.4.32-MariaDB
-- PHP Version: 8.2.12

SET SQL_MODE = "NO_AUTO_VALUE_ON_ZERO";
START TRANSACTION;
SET time_zone = "+00:00";


/*!40101 SET @OLD_CHARACTER_SET_CLIENT=@@CHARACTER_SET_CLIENT */;
/*!40101 SET @OLD_CHARACTER_SET_RESULTS=@@CHARACTER_SET_RESULTS */;
/*!40101 SET @OLD_COLLATION_CONNECTION=@@COLLATION_CONNECTION */;
/*!40101 SET NAMES utf8mb4 */;

--
-- Database: `bida_tuan_hung`
--

-- --------------------------------------------------------

--
-- Table structure for table `billiards_tables`
--

CREATE TABLE `billiards_tables` (
  `id` bigint(20) NOT NULL,
  `in_use` bit(1) DEFAULT NULL,
  `table_name` varchar(255) DEFAULT NULL,
  `price_per_hour` double DEFAULT NULL
) ENGINE=InnoDB DEFAULT CHARSET=utf8 COLLATE=utf8_general_ci;

--
-- Dumping data for table `billiards_tables`
--

INSERT INTO `billiards_tables` (`id`, `in_use`, `table_name`, `price_per_hour`) VALUES
(1, b'0', 'Bida lỗ 1', 40000),
(2, b'0', 'Bida lỗ 2', 40000),
(3, b'0', 'Bida lỗ 3', 40000),
(4, b'0', 'Bida phăng 1', 38000),
(5, b'0', 'Bida phăng 2', 38000),
(6, b'0', 'Bida phăng 3', 38000);

-- --------------------------------------------------------

--
-- Table structure for table `menu_items`
--

CREATE TABLE `menu_items` (
  `id` bigint(20) NOT NULL,
  `category` varchar(255) DEFAULT NULL,
  `name` varchar(255) DEFAULT NULL,
  `price` double DEFAULT NULL,
  `stock_quantity` int(11) DEFAULT NULL
) ENGINE=InnoDB DEFAULT CHARSET=utf8 COLLATE=utf8_general_ci;

--
-- Dumping data for table `menu_items`
--

INSERT INTO `menu_items` (`id`, `category`, `name`, `price`, `stock_quantity`) VALUES
(1, 'Nước', 'Nước suối', 10000, 8),
(2, 'Nước', 'Sting dâu', 12000, 146),
(3, 'Nước', 'Trà đá', 5000, 300),
(4, 'Nước', 'Cafe sữa', 15000, 100),
(5, 'Đồ ăn', 'Snack', 12000, 99),
(6, 'Đồ ăn', 'Mì ly', 18000, 98),
(7, 'Đồ ăn', 'Bánh mì trứng', 20000, 68),
(8, 'Đồ ăn', 'Khoai tây chiên', 25000, 59),
(9, 'Thuốc', 'Malboro', 31000, 47);

-- --------------------------------------------------------

--
-- Table structure for table `orders`
--

CREATE TABLE `orders` (
  `id` bigint(20) NOT NULL,
  `created_at` datetime(6) DEFAULT NULL,
  `end_time` datetime(6) DEFAULT NULL,
  `is_paid` bit(1) DEFAULT NULL,
  `payment_method` varchar(255) DEFAULT NULL,
  `start_time` datetime(6) DEFAULT NULL,
  `billiards_table_id` bigint(20) DEFAULT NULL,
  `staff_id` bigint(20) DEFAULT NULL
) ENGINE=InnoDB DEFAULT CHARSET=utf8 COLLATE=utf8_general_ci;

--
-- Dumping data for table `orders`
--

INSERT INTO `orders` (`id`, `created_at`, `end_time`, `is_paid`, `payment_method`, `start_time`, `billiards_table_id`, `staff_id`) VALUES
(1, '2025-06-05 19:00:00.000000', '2025-06-05 20:00:00.000000', b'1', 'banking', '2025-06-05 19:00:00.000000', 2, 2),
(2, '2025-06-05 12:00:00.000000', '2025-06-05 13:00:00.000000', b'1', 'banking', '2025-06-05 12:00:00.000000', 4, 3),
(3, '2025-06-05 11:00:00.000000', '2025-06-05 12:00:00.000000', b'1', 'momo', '2025-06-05 11:00:00.000000', 1, 3),
(4, '2025-06-05 15:00:00.000000', '2025-06-05 16:00:00.000000', b'1', 'momo', '2025-06-05 15:00:00.000000', 1, 3),
(5, '2025-06-06 17:00:00.000000', '2025-06-06 18:00:00.000000', b'1', 'banking', '2025-06-06 17:00:00.000000', 2, 3),
(6, '2025-06-06 12:00:00.000000', '2025-06-06 13:00:00.000000', b'1', 'banking', '2025-06-06 12:00:00.000000', 1, 3),
(7, '2025-06-06 16:00:00.000000', '2025-06-06 17:00:00.000000', b'1', 'banking', '2025-06-06 16:00:00.000000', 3, 3),
(8, '2025-06-07 19:00:00.000000', '2025-06-07 20:00:00.000000', b'1', 'banking', '2025-06-07 19:00:00.000000', 5, 2),
(9, '2025-06-07 17:00:00.000000', '2025-06-07 18:00:00.000000', b'1', 'banking', '2025-06-07 17:00:00.000000', 6, 2),
(10, '2025-06-07 10:00:00.000000', '2025-06-07 11:00:00.000000', b'1', 'banking', '2025-06-07 10:00:00.000000', 6, 3),
(11, '2025-06-07 14:00:00.000000', '2025-06-07 15:00:00.000000', b'1', 'cash', '2025-06-07 14:00:00.000000', 4, 2),
(12, '2025-06-07 12:00:00.000000', '2025-06-07 13:00:00.000000', b'1', 'banking', '2025-06-07 12:00:00.000000', 3, 3),
(13, '2025-06-08 18:00:00.000000', '2025-06-08 19:00:00.000000', b'1', 'banking', '2025-06-08 18:00:00.000000', 6, 3),
(14, '2025-06-08 17:00:00.000000', '2025-06-08 18:00:00.000000', b'1', 'banking', '2025-06-08 17:00:00.000000', 2, 2),
(15, '2025-06-08 12:00:00.000000', '2025-06-08 13:00:00.000000', b'1', 'momo', '2025-06-08 12:00:00.000000', 3, 3),
(16, '2025-06-08 10:00:00.000000', '2025-06-08 11:00:00.000000', b'1', 'cash', '2025-06-08 10:00:00.000000', 4, 2),
(17, '2025-06-08 21:00:00.000000', '2025-06-08 22:00:00.000000', b'1', 'banking', '2025-06-08 21:00:00.000000', 2, 3),
(18, '2025-06-09 11:00:00.000000', '2025-06-09 12:00:00.000000', b'1', 'banking', '2025-06-09 11:00:00.000000', 6, 2),
(19, '2025-06-09 21:00:00.000000', '2025-06-09 22:00:00.000000', b'1', 'momo', '2025-06-09 21:00:00.000000', 3, 2),
(20, '2025-06-09 13:00:00.000000', '2025-06-09 14:00:00.000000', b'1', 'cash', '2025-06-09 13:00:00.000000', 4, 3),
(21, '2025-06-10 10:00:00.000000', '2025-06-10 11:00:00.000000', b'1', 'momo', '2025-06-10 10:00:00.000000', 1, 3),
(22, '2025-06-10 17:00:00.000000', '2025-06-10 18:00:00.000000', b'1', 'cash', '2025-06-10 17:00:00.000000', 4, 2),
(23, '2025-06-10 17:00:00.000000', '2025-06-10 18:00:00.000000', b'1', 'momo', '2025-06-10 17:00:00.000000', 5, 2),
(24, '2025-06-10 11:00:00.000000', '2025-06-10 12:00:00.000000', b'1', 'momo', '2025-06-10 11:00:00.000000', 6, 3),
(25, '2025-06-11 14:00:00.000000', '2025-06-11 15:00:00.000000', b'1', 'cash', '2025-06-11 14:00:00.000000', 1, 2),
(26, '2025-06-11 17:00:00.000000', '2025-06-11 18:00:00.000000', b'1', 'banking', '2025-06-11 17:00:00.000000', 6, 2),
(27, '2025-06-11 13:00:00.000000', '2025-06-11 14:00:00.000000', b'1', 'cash', '2025-06-11 13:00:00.000000', 1, 3),
(28, '2025-06-12 11:00:00.000000', '2025-06-12 12:00:00.000000', b'1', 'banking', '2025-06-12 11:00:00.000000', 2, 2),
(29, '2025-06-12 17:00:00.000000', '2025-06-12 18:00:00.000000', b'1', 'banking', '2025-06-12 17:00:00.000000', 5, 2),
(30, '2025-06-12 17:00:00.000000', '2025-06-12 18:00:00.000000', b'1', 'banking', '2025-06-12 17:00:00.000000', 3, 3),
(31, '2025-06-12 16:00:00.000000', '2025-06-12 17:00:00.000000', b'1', 'cash', '2025-06-12 16:00:00.000000', 6, 3),
(32, '2025-06-12 12:00:00.000000', '2025-06-12 13:00:00.000000', b'1', 'banking', '2025-06-12 12:00:00.000000', 5, 3),
(33, '2025-06-13 15:00:00.000000', '2025-06-13 16:00:00.000000', b'1', 'momo', '2025-06-13 15:00:00.000000', 2, 2),
(34, '2025-06-13 13:00:00.000000', '2025-06-13 14:00:00.000000', b'1', 'momo', '2025-06-13 13:00:00.000000', 5, 2),
(35, '2025-06-13 13:00:00.000000', '2025-06-13 14:00:00.000000', b'1', 'banking', '2025-06-13 13:00:00.000000', 3, 3),
(36, '2025-06-13 21:00:00.000000', '2025-06-13 22:00:00.000000', b'1', 'banking', '2025-06-13 21:00:00.000000', 6, 2),
(37, '2025-06-13 15:00:00.000000', '2025-06-13 16:00:00.000000', b'1', 'banking', '2025-06-13 15:00:00.000000', 1, 2),
(38, '2025-06-14 11:00:00.000000', '2025-06-14 12:00:00.000000', b'1', 'cash', '2025-06-14 11:00:00.000000', 5, 3),
(39, '2025-06-14 10:00:00.000000', '2025-06-14 11:00:00.000000', b'1', 'banking', '2025-06-14 10:00:00.000000', 4, 2),
(40, '2025-06-14 15:00:00.000000', '2025-06-14 16:00:00.000000', b'1', 'cash', '2025-06-14 15:00:00.000000', 6, 3),
(41, '2025-06-14 10:00:00.000000', '2025-06-14 11:00:00.000000', b'1', 'banking', '2025-06-14 10:00:00.000000', 3, 2),
(42, '2025-06-14 14:00:00.000000', '2025-06-14 15:00:00.000000', b'1', 'banking', '2025-06-14 14:00:00.000000', 2, 3),
(43, '2025-06-15 14:00:00.000000', '2025-06-15 15:00:00.000000', b'1', 'cash', '2025-06-15 14:00:00.000000', 4, 2),
(44, '2025-06-15 19:00:00.000000', '2025-06-15 20:00:00.000000', b'1', 'banking', '2025-06-15 19:00:00.000000', 2, 3),
(45, '2025-06-15 12:00:00.000000', '2025-06-15 13:00:00.000000', b'1', 'banking', '2025-06-15 12:00:00.000000', 2, 3),
(46, '2025-06-15 19:00:00.000000', '2025-06-15 20:00:00.000000', b'1', 'cash', '2025-06-15 19:00:00.000000', 2, 2),
(47, '2025-06-15 12:00:00.000000', '2025-06-15 13:00:00.000000', b'1', 'banking', '2025-06-15 12:00:00.000000', 3, 3),
(48, '2025-06-16 16:00:00.000000', '2025-06-16 17:00:00.000000', b'1', 'banking', '2025-06-16 16:00:00.000000', 4, 3),
(49, '2025-06-16 14:00:00.000000', '2025-06-16 15:00:00.000000', b'1', 'cash', '2025-06-16 14:00:00.000000', 4, 3),
(50, '2025-06-16 15:00:00.000000', '2025-06-16 16:00:00.000000', b'1', 'banking', '2025-06-16 15:00:00.000000', 5, 3),
(51, '2025-06-17 10:00:00.000000', '2025-06-17 11:00:00.000000', b'1', 'cash', '2025-06-17 10:00:00.000000', 3, 2),
(52, '2025-06-17 13:00:00.000000', '2025-06-17 14:00:00.000000', b'1', 'momo', '2025-06-17 13:00:00.000000', 4, 3),
(53, '2025-06-17 13:00:00.000000', '2025-06-17 14:00:00.000000', b'1', 'momo', '2025-06-17 13:00:00.000000', 6, 3),
(54, '2025-06-17 21:00:00.000000', '2025-06-17 22:00:00.000000', b'1', 'momo', '2025-06-17 21:00:00.000000', 2, 3),
(55, '2025-06-17 13:00:00.000000', '2025-06-17 14:00:00.000000', b'1', 'cash', '2025-06-17 13:00:00.000000', 6, 3),
(56, '2025-06-18 20:00:00.000000', '2025-06-18 21:00:00.000000', b'1', 'banking', '2025-06-18 20:00:00.000000', 5, 2),
(57, '2025-06-18 16:00:00.000000', '2025-06-18 17:00:00.000000', b'1', 'banking', '2025-06-18 16:00:00.000000', 6, 2),
(58, '2025-06-18 10:00:00.000000', '2025-06-18 11:00:00.000000', b'1', 'banking', '2025-06-18 10:00:00.000000', 4, 2),
(59, '2025-06-18 10:00:00.000000', '2025-06-18 13:30:00.000000', b'1', 'cash', '2025-06-18 10:00:00.000000', 1, 3),
(68, '2025-06-22 16:00:20.000000', '2025-06-22 16:07:26.000000', b'1', 'momo', '2025-06-22 16:00:20.000000', 1, 1),
(69, '2025-06-22 16:11:27.000000', '2025-06-22 16:16:31.000000', b'1', 'banking', '2025-06-22 16:11:27.000000', 1, 1),
(70, '2025-06-22 16:15:53.000000', '2025-06-22 18:12:43.000000', b'1', 'cash', '2025-06-22 16:15:53.000000', 2, 1),
(71, '2025-06-22 16:16:37.000000', '2025-06-22 17:04:42.000000', b'1', 'cash', '2025-06-22 16:16:37.000000', 1, 1),
(72, '2025-06-22 19:25:06.000000', '2025-06-22 19:25:42.000000', b'1', 'cash', '2025-06-22 19:25:06.000000', 1, 1),
(73, '2025-06-22 19:32:25.000000', '2025-06-22 19:32:42.000000', b'1', 'cash', '2025-06-22 19:32:25.000000', 1, 2),
(74, '2025-06-22 19:46:25.000000', '2025-06-22 19:46:58.000000', b'1', 'banking', '2025-06-22 19:46:25.000000', 1, 1),
(75, '2025-06-22 19:47:54.000000', '2025-06-22 19:48:31.000000', b'1', 'momo', '2025-06-22 19:47:54.000000', 1, 1),
(76, '2025-06-22 19:57:50.000000', '2025-06-22 20:01:50.000000', b'1', 'momo', '2025-06-22 19:57:50.000000', 1, 1),
(77, '2025-06-22 20:00:35.000000', '2025-06-22 20:06:08.000000', b'1', 'cash', '2025-06-22 20:00:35.000000', 2, 1),
(78, '2025-06-22 20:22:53.000000', '2025-06-22 20:31:24.000000', b'1', 'cash', '2025-06-22 20:22:53.000000', 1, 1),
(79, '2025-06-22 20:37:35.000000', '2025-06-22 20:39:30.000000', b'1', 'cash', '2025-06-22 20:37:35.000000', 1, 1);

-- --------------------------------------------------------

--
-- Table structure for table `order_items`
--

CREATE TABLE `order_items` (
  `id` bigint(20) NOT NULL,
  `quantity` int(11) NOT NULL,
  `unit_price` double DEFAULT NULL,
  `menu_item_id` bigint(20) DEFAULT NULL,
  `order_id` bigint(20) DEFAULT NULL
) ENGINE=InnoDB DEFAULT CHARSET=utf8 COLLATE=utf8_general_ci;

--
-- Dumping data for table `order_items`
--

INSERT INTO `order_items` (`id`, `quantity`, `unit_price`, `menu_item_id`, `order_id`) VALUES
(1, 2, 12000, 2, 1),
(2, 1, 25000, 8, 1),
(3, 3, 5000, 3, 2),
(4, 3, 20000, 7, 2),
(5, 2, 15000, 4, 2),
(6, 3, 25000, 8, 3),
(7, 3, 10000, 1, 3),
(8, 2, 5000, 3, 3),
(9, 3, 12000, 2, 4),
(10, 2, 15000, 4, 4),
(11, 2, 12000, 5, 4),
(12, 1, 18000, 6, 5),
(13, 3, 20000, 7, 5),
(14, 3, 18000, 6, 6),
(15, 3, 12000, 2, 6),
(16, 3, 12000, 5, 6),
(17, 1, 12000, 2, 7),
(18, 2, 12000, 2, 7),
(19, 1, 12000, 2, 7),
(20, 3, 18000, 6, 8),
(21, 2, 20000, 7, 8),
(22, 2, 10000, 1, 8),
(23, 3, 12000, 5, 9),
(24, 2, 5000, 3, 10),
(25, 3, 5000, 3, 10),
(26, 3, 18000, 6, 10),
(27, 3, 5000, 3, 11),
(28, 3, 15000, 4, 12),
(29, 3, 5000, 3, 12),
(30, 3, 15000, 4, 12),
(31, 2, 20000, 7, 13),
(32, 2, 25000, 8, 13),
(33, 3, 5000, 3, 14),
(34, 1, 18000, 6, 14),
(35, 2, 12000, 5, 14),
(36, 2, 12000, 2, 15),
(37, 3, 15000, 4, 15),
(38, 1, 5000, 3, 16),
(39, 3, 5000, 3, 17),
(40, 1, 5000, 3, 17),
(41, 2, 5000, 3, 17),
(42, 1, 5000, 3, 18),
(43, 2, 5000, 3, 18),
(44, 1, 25000, 8, 19),
(45, 3, 12000, 2, 20),
(46, 2, 12000, 2, 20),
(47, 3, 18000, 6, 21),
(48, 3, 20000, 7, 21),
(49, 1, 20000, 7, 21),
(50, 2, 18000, 6, 22),
(51, 2, 18000, 6, 22),
(52, 3, 20000, 7, 23),
(53, 3, 12000, 2, 24),
(54, 2, 10000, 1, 24),
(55, 1, 15000, 4, 24),
(56, 3, 10000, 1, 25),
(57, 2, 15000, 4, 25),
(58, 1, 25000, 8, 25),
(59, 1, 20000, 7, 26),
(60, 2, 12000, 2, 26),
(61, 1, 12000, 5, 26),
(62, 3, 12000, 2, 27),
(63, 3, 15000, 4, 27),
(64, 3, 15000, 4, 28),
(65, 2, 12000, 5, 29),
(66, 1, 18000, 6, 29),
(67, 3, 10000, 1, 30),
(68, 1, 20000, 7, 30),
(69, 1, 25000, 8, 31),
(70, 3, 25000, 8, 31),
(71, 3, 25000, 8, 31),
(72, 3, 10000, 1, 32),
(73, 3, 10000, 1, 32),
(74, 1, 12000, 2, 32),
(75, 2, 25000, 8, 33),
(76, 2, 5000, 3, 33),
(77, 3, 5000, 3, 33),
(78, 1, 10000, 1, 34),
(79, 1, 12000, 5, 34),
(80, 2, 25000, 8, 34),
(81, 2, 25000, 8, 35),
(82, 3, 5000, 3, 35),
(83, 1, 10000, 1, 35),
(84, 3, 18000, 6, 36),
(85, 1, 18000, 6, 36),
(86, 1, 12000, 2, 36),
(87, 3, 5000, 3, 37),
(88, 2, 18000, 6, 37),
(89, 3, 15000, 4, 38),
(90, 2, 5000, 3, 38),
(91, 2, 5000, 3, 38),
(92, 2, 12000, 2, 39),
(93, 3, 12000, 5, 40),
(94, 2, 12000, 5, 40),
(95, 3, 12000, 5, 41),
(96, 3, 12000, 5, 41),
(97, 2, 20000, 7, 42),
(98, 2, 15000, 4, 42),
(99, 1, 18000, 6, 43),
(100, 1, 5000, 3, 44),
(101, 1, 12000, 2, 44),
(102, 2, 5000, 3, 44),
(103, 3, 10000, 1, 45),
(104, 1, 5000, 3, 45),
(105, 3, 18000, 6, 46),
(106, 3, 20000, 7, 46),
(107, 3, 25000, 8, 46),
(108, 1, 12000, 5, 47),
(109, 1, 12000, 2, 47),
(110, 3, 18000, 6, 48),
(111, 3, 20000, 7, 49),
(112, 1, 12000, 5, 50),
(113, 1, 20000, 7, 51),
(114, 3, 12000, 2, 51),
(115, 1, 12000, 5, 52),
(116, 1, 10000, 1, 52),
(117, 3, 25000, 8, 52),
(118, 3, 18000, 6, 53),
(119, 2, 25000, 8, 53),
(120, 1, 5000, 3, 54),
(121, 2, 18000, 6, 54),
(122, 2, 12000, 5, 55),
(123, 1, 18000, 6, 55),
(124, 2, 12000, 5, 55),
(125, 1, 10000, 1, 56),
(126, 3, 12000, 2, 56),
(127, 1, 12000, 5, 56),
(128, 3, 20000, 7, 57),
(129, 1, 12000, 2, 57),
(130, 3, 5000, 3, 57),
(131, 2, 5000, 3, 58),
(143, 1, 12000, 2, 68),
(144, 1, 25000, 8, 68),
(145, 2, 5000, 3, 68),
(146, 1, 20000, 7, 69),
(147, 2, 15000, 4, 69),
(148, 1, 18000, 6, 69),
(149, 3, 10000, 1, 70),
(150, 2, 12000, 5, 70),
(151, 2, 12000, 2, 71),
(152, 5, 12000, 5, 71),
(153, 4, 10000, 1, 72),
(154, 4, 10000, 1, 72),
(155, 1, 31000, 9, 72),
(156, 1, 12000, 2, 73),
(157, 3, 18000, 6, 73),
(158, 2, 31000, 9, 73),
(159, 2, 10000, 1, 73),
(160, 1, 10000, 1, 74),
(161, 2, 18000, 6, 74),
(162, 1, 31000, 9, 75),
(163, 1, 12000, 5, 75),
(164, 1, 10000, 1, 75),
(167, 1, 12000, 2, 76),
(169, 12, 20000, 7, 76),
(170, 1, 12000, 2, 76),
(171, 2, 12000, 2, 77),
(172, 2, 10000, 1, 78),
(174, 2, 18000, 6, 78),
(175, 1, 25000, 8, 79),
(176, 2, 31000, 9, 79);

-- --------------------------------------------------------

--
-- Table structure for table `roles`
--

CREATE TABLE `roles` (
  `id` int(11) NOT NULL,
  `name` varchar(20) DEFAULT NULL
) ENGINE=InnoDB DEFAULT CHARSET=utf8 COLLATE=utf8_general_ci;

--
-- Dumping data for table `roles`
--

INSERT INTO `roles` (`id`, `name`) VALUES
(1, 'ROLE_ADMIN'),
(2, 'ROLE_STAFF');

-- --------------------------------------------------------

--
-- Table structure for table `users`
--

CREATE TABLE `users` (
  `id` bigint(20) NOT NULL,
  `date_create` datetime(6) NOT NULL,
  `email` varchar(50) DEFAULT NULL,
  `password` varchar(120) DEFAULT NULL,
  `username` varchar(20) DEFAULT NULL
) ENGINE=InnoDB DEFAULT CHARSET=utf8 COLLATE=utf8_general_ci;

--
-- Dumping data for table `users`
--

INSERT INTO `users` (`id`, `date_create`, `email`, `password`, `username`) VALUES
(1, '2025-06-19 15:21:05.000000', 'test01@example.com', '$2a$10$9a3TgEdihWjDvaJdR80DtucgKcqhg59OMZWlk8nlJ0UnIP56n7452', 'test01'),
(2, '2025-06-19 15:21:33.000000', 'test02@example.com', '$2a$10$sPylSA071q6vaMWV9mgd1uZHLgZRv6KXMkw/dqJGVMGJDHBvoE9Oy', 'test02'),
(3, '2025-06-19 15:21:42.000000', 'test03@example.com', '$2a$10$61rDH6OB5OKBM.L42SetbuUBk5zJFIWXGdjohf4yz5GBvURCtoxji', 'test03');

-- --------------------------------------------------------

--
-- Table structure for table `user_roles`
--

CREATE TABLE `user_roles` (
  `user_id` bigint(20) NOT NULL,
  `role_id` int(11) NOT NULL
) ENGINE=InnoDB DEFAULT CHARSET=utf8 COLLATE=utf8_general_ci;

--
-- Dumping data for table `user_roles`
--

INSERT INTO `user_roles` (`user_id`, `role_id`) VALUES
(1, 1),
(2, 2),
(3, 2);

-- --------------------------------------------------------

--
-- Table structure for table `working_sessions`
--

CREATE TABLE `working_sessions` (
  `id` bigint(20) NOT NULL,
  `cash_in_session` double DEFAULT NULL,
  `end_time` datetime(6) DEFAULT NULL,
  `start_time` datetime(6) DEFAULT NULL,
  `staff_id` bigint(20) DEFAULT NULL
) ENGINE=InnoDB DEFAULT CHARSET=utf8 COLLATE=utf8_general_ci;

--
-- Dumping data for table `working_sessions`
--

INSERT INTO `working_sessions` (`id`, `cash_in_session`, `end_time`, `start_time`, `staff_id`) VALUES
(1, 0, '2025-06-05 17:00:00.000000', '2025-06-05 09:00:00.000000', 2),
(2, 0, '2025-06-05 17:00:00.000000', '2025-06-05 09:00:00.000000', 3),
(3, 0, '2025-06-06 17:00:00.000000', '2025-06-06 09:00:00.000000', 2),
(4, 0, '2025-06-06 17:00:00.000000', '2025-06-06 09:00:00.000000', 3),
(5, 0, '2025-06-07 17:00:00.000000', '2025-06-07 09:00:00.000000', 2),
(6, 0, '2025-06-07 17:00:00.000000', '2025-06-07 09:00:00.000000', 3),
(7, 0, '2025-06-08 17:00:00.000000', '2025-06-08 09:00:00.000000', 2),
(8, 0, '2025-06-08 17:00:00.000000', '2025-06-08 09:00:00.000000', 3),
(9, 0, '2025-06-09 17:00:00.000000', '2025-06-09 09:00:00.000000', 2),
(10, 0, '2025-06-09 17:00:00.000000', '2025-06-09 09:00:00.000000', 3),
(11, 0, '2025-06-10 17:00:00.000000', '2025-06-10 09:00:00.000000', 2),
(12, 0, '2025-06-10 17:00:00.000000', '2025-06-10 09:00:00.000000', 3),
(13, 0, '2025-06-11 17:00:00.000000', '2025-06-11 09:00:00.000000', 2),
(14, 0, '2025-06-11 17:00:00.000000', '2025-06-11 09:00:00.000000', 3),
(15, 0, '2025-06-12 17:00:00.000000', '2025-06-12 09:00:00.000000', 2),
(16, 0, '2025-06-12 17:00:00.000000', '2025-06-12 09:00:00.000000', 3),
(17, 0, '2025-06-13 17:00:00.000000', '2025-06-13 09:00:00.000000', 2),
(18, 0, '2025-06-13 17:00:00.000000', '2025-06-13 09:00:00.000000', 3),
(19, 0, '2025-06-14 17:00:00.000000', '2025-06-14 09:00:00.000000', 2),
(20, 0, '2025-06-14 17:00:00.000000', '2025-06-14 09:00:00.000000', 3),
(21, 0, '2025-06-15 17:00:00.000000', '2025-06-15 09:00:00.000000', 2),
(22, 0, '2025-06-15 17:00:00.000000', '2025-06-15 09:00:00.000000', 3),
(23, 0, '2025-06-16 17:00:00.000000', '2025-06-16 09:00:00.000000', 2),
(24, 0, '2025-06-16 17:00:00.000000', '2025-06-16 09:00:00.000000', 3),
(25, 0, '2025-06-17 17:00:00.000000', '2025-06-17 09:00:00.000000', 2),
(26, 0, '2025-06-17 17:00:00.000000', '2025-06-17 09:00:00.000000', 3),
(27, 0, '2025-06-18 17:00:00.000000', '2025-06-18 09:00:00.000000', 2),
(28, 0, '2025-06-18 17:00:00.000000', '2025-06-18 09:00:00.000000', 3),
(29, 1111000, '2025-06-22 19:32:03.000000', '2025-06-22 17:04:34.000000', 1),
(30, 148000, '2025-06-22 12:34:12.000000', '2025-06-22 19:32:03.000000', 2),
(31, 215666.6666666667, '2025-06-22 13:44:17.000000', '2025-06-22 19:35:01.000000', 1);

--
-- Indexes for dumped tables
--

--
-- Indexes for table `billiards_tables`
--
ALTER TABLE `billiards_tables`
  ADD PRIMARY KEY (`id`);

--
-- Indexes for table `menu_items`
--
ALTER TABLE `menu_items`
  ADD PRIMARY KEY (`id`);

--
-- Indexes for table `orders`
--
ALTER TABLE `orders`
  ADD PRIMARY KEY (`id`),
  ADD KEY `FK37bis8nco72l8vcmbohttojyf` (`billiards_table_id`),
  ADD KEY `FKe979ux6efhhi6ph712agy4bit` (`staff_id`);

--
-- Indexes for table `order_items`
--
ALTER TABLE `order_items`
  ADD PRIMARY KEY (`id`),
  ADD KEY `FKdtfg1f49yr5yye2fpl2xid2xo` (`menu_item_id`),
  ADD KEY `FKbioxgbv59vetrxe0ejfubep1w` (`order_id`);

--
-- Indexes for table `roles`
--
ALTER TABLE `roles`
  ADD PRIMARY KEY (`id`);

--
-- Indexes for table `users`
--
ALTER TABLE `users`
  ADD PRIMARY KEY (`id`),
  ADD UNIQUE KEY `UKr43af9ap4edm43mmtq01oddj6` (`username`);

--
-- Indexes for table `user_roles`
--
ALTER TABLE `user_roles`
  ADD PRIMARY KEY (`user_id`,`role_id`),
  ADD KEY `FKh8ciramu9cc9q3qcqiv4ue8a6` (`role_id`);

--
-- Indexes for table `working_sessions`
--
ALTER TABLE `working_sessions`
  ADD PRIMARY KEY (`id`),
  ADD KEY `FKhxww75rcol6s980nru22wfj4e` (`staff_id`);

--
-- AUTO_INCREMENT for dumped tables
--

--
-- AUTO_INCREMENT for table `billiards_tables`
--
ALTER TABLE `billiards_tables`
  MODIFY `id` bigint(20) NOT NULL AUTO_INCREMENT, AUTO_INCREMENT=7;

--
-- AUTO_INCREMENT for table `menu_items`
--
ALTER TABLE `menu_items`
  MODIFY `id` bigint(20) NOT NULL AUTO_INCREMENT, AUTO_INCREMENT=10;

--
-- AUTO_INCREMENT for table `orders`
--
ALTER TABLE `orders`
  MODIFY `id` bigint(20) NOT NULL AUTO_INCREMENT, AUTO_INCREMENT=80;

--
-- AUTO_INCREMENT for table `order_items`
--
ALTER TABLE `order_items`
  MODIFY `id` bigint(20) NOT NULL AUTO_INCREMENT, AUTO_INCREMENT=177;

--
-- AUTO_INCREMENT for table `roles`
--
ALTER TABLE `roles`
  MODIFY `id` int(11) NOT NULL AUTO_INCREMENT, AUTO_INCREMENT=3;

--
-- AUTO_INCREMENT for table `users`
--
ALTER TABLE `users`
  MODIFY `id` bigint(20) NOT NULL AUTO_INCREMENT, AUTO_INCREMENT=4;

--
-- AUTO_INCREMENT for table `working_sessions`
--
ALTER TABLE `working_sessions`
  MODIFY `id` bigint(20) NOT NULL AUTO_INCREMENT, AUTO_INCREMENT=32;

--
-- Constraints for dumped tables
--

--
-- Constraints for table `orders`
--
ALTER TABLE `orders`
  ADD CONSTRAINT `FK37bis8nco72l8vcmbohttojyf` FOREIGN KEY (`billiards_table_id`) REFERENCES `billiards_tables` (`id`),
  ADD CONSTRAINT `FKe979ux6efhhi6ph712agy4bit` FOREIGN KEY (`staff_id`) REFERENCES `users` (`id`);

--
-- Constraints for table `order_items`
--
ALTER TABLE `order_items`
  ADD CONSTRAINT `FKbioxgbv59vetrxe0ejfubep1w` FOREIGN KEY (`order_id`) REFERENCES `orders` (`id`),
  ADD CONSTRAINT `FKdtfg1f49yr5yye2fpl2xid2xo` FOREIGN KEY (`menu_item_id`) REFERENCES `menu_items` (`id`);

--
-- Constraints for table `user_roles`
--
ALTER TABLE `user_roles`
  ADD CONSTRAINT `FKh8ciramu9cc9q3qcqiv4ue8a6` FOREIGN KEY (`role_id`) REFERENCES `roles` (`id`),
  ADD CONSTRAINT `FKhfh9dx7w3ubf1co1vdev94g3f` FOREIGN KEY (`user_id`) REFERENCES `users` (`id`);

--
-- Constraints for table `working_sessions`
--
ALTER TABLE `working_sessions`
  ADD CONSTRAINT `FKhxww75rcol6s980nru22wfj4e` FOREIGN KEY (`staff_id`) REFERENCES `users` (`id`);
COMMIT;

/*!40101 SET CHARACTER_SET_CLIENT=@OLD_CHARACTER_SET_CLIENT */;
/*!40101 SET CHARACTER_SET_RESULTS=@OLD_CHARACTER_SET_RESULTS */;
/*!40101 SET COLLATION_CONNECTION=@OLD_COLLATION_CONNECTION */;
